Method,Average_MSE,Seed
zero_impu,1902.284426985116,42
timesnet_impu,1902.2844010276356,42
