Method,Average_MSE
tsde_impu,182.90206359863282
grin_impu,587.9274499511719
