Method,Average_MSE,Seed
my_model,0.059537207446992396,42
zero_impu,0.0624384642764926,42
mean_impu,0.0623450730741024,42
knn_impu,0.06923139303922653,42
mice_impu,0.07881262518465519,42
ffill_impu,0.09410785093903541,42
bfill_impu,0.09393284432590007,42
miracle_impu,0.10716853745281696,42
saits_impu,0.0635800028592348,42
timemixerpp_impu,0.06315370533615351,42
tefn_impu,0.17658031538128852,42
timesnet_impu,0.06239474002271891,42
tsde_impu,0.07058126531541348,42
grin_impu,0.07694775626063347,42
