Method,Average_MSE,Seed
my_model,7.861651902198791,42
zero_impu,15.37110005378723,42
mean_impu,11.365848484039306,42
knn_impu,10.67209574699402,42
mice_impu,12.385370321273804,42
ffill_impu,12.971816635131836,42
bfill_impu,12.901271648406983,42
miracle_impu,13.802161903381348,42
saits_impu,11.364078845977783,42
timemixerpp_impu,11.501496601104737,42
tefn_impu,42.56151744842529,42
timesnet_impu,14.710377836227417,42
tsde_impu,13.960759086608887,42
grin_impu,9.170583171844482,42
