Method,Average_MSE
my_model,0.23074941833813986
initial_process,1.766097969479031
zero_impu,0.7637818853060404
mean_impu,1.2601542207929823
median_impu,1.0468116799990337
mode_impu,43.44705074363284
random_impu,1.7760157585144043
knn_impu,1.2180161211225722
ffill_impu,1.3160851399103801
bfill_impu,1.2737871673372057
miracle_impu,1.214703361193339
saits_impu,1.2583282788594563
timemixerpp_impu,1.2601542737748888
tefn_impu,1.6536296473609076
