Method,Average_MSE,Seed
ablation2,5.9483827161788945,42
initial_process,6.5854835081100465,42
zero_impu,14.411034755706787,42
