Method,Average_MSE
my_model,0.00895806661946699
initial_process,1.509237169675529
zero_impu,0.7394016929864884
mean_impu,0.3338548019826412
median_impu,0.43481241884082555
mode_impu,0.4982333302348852
random_impu,0.3800226328000426
knn_impu,0.3276552914865315
ffill_impu,0.282012413430959
bfill_impu,0.33178745948150756
miracle_impu,0.35663958264514806
saits_impu,0.3408561020903289
timemixerpp_impu,0.33385480327159167
tefn_impu,0.38144662242755295
