Method,Average_MSE
my_model,1.0910737183358934
zero_impu,0.6814384659131368
mean_impu,0.6845084163877699
median_impu,0.6861311925782098
mode_impu,33.317215071784126
random_impu,1.2902495861053467
knn_impu,0.44737447632683647
ffill_impu,1.2908890114890204
bfill_impu,1.3466024663713243
miracle_impu,0.6744427680969238
saits_impu,0.6749859584702386
timemixerpp_impu,0.6845084163877699
tefn_impu,5.3089791138966875
