Method,Average_MSE
my_model,732.5821533203125
initial_process,998.4369506835938
zero_impu,2701.485595703125
mean_impu,953.0511474609375
median_impu,957.0464477539062
mode_impu,1030.73779296875
random_impu,1021.2420043945312
knn_impu,983.5401000976562
ffill_impu,2140.699951171875
bfill_impu,1010.5991821289062
miracle_impu,
saits_impu,2653.745849609375
timemixerpp_impu,953.0511474609375
tefn_impu,1294.8931884765625
