method,accuracy,precision,recall,f1,auroc
zero,0.783,0.3909020497255791,0.39497078845763056,0.3920532706619664,0.7036880062449362
mean,0.7619999999999999,0.2836745254595153,0.2506078540946962,0.26458116191636527,0.5336918048241438
median,0.752,0.2519258133171177,0.19705217435480593,0.21749101669837242,0.5749099858346609
bfill,0.785,0.3759045482729693,0.3005296179638285,0.3304037410984294,0.6452769867491641
ffill,0.7780000000000001,0.374656045175881,0.3630829607803292,0.3661159725721965,0.6620234066580364
knn,0.782,0.3521161856046767,0.2695333773623248,0.30249812922832575,0.6076397446781723
mice,0.774,0.3134419632289119,0.21222134728713674,0.24749495731306875,0.5764713986745555
timemixerpp,0.7979999999999999,0.4551519138073644,0.411266510871774,0.4225099765471908,0.7215784997843206
model,0.7689999999999999,0.31407936507936507,0.26381655151392,0.28461759806148723,0.6247983714768035
