model,zero,median,mean,bfill,ffill,knn,mice,idx
6.0153093,3057.799,8.568194,11.461298,2.2275593,5.7052894,4.173666,4.8250484,0
0.46874055,356.38425,2.2645946,1.5713421,0.88614964,1.1716756,0.7716314,0.48686823,1
5.4940524,3756.2954,8.082832,9.170041,4.747662,9.691032,10.955743,11.690724,2
