model,zero,median,mean,bfill,ffill,knn,mice,idx
2.0621805,2989.1116,9.728084,9.627226,3.7900143,3.830864,8.975266,5.082032,1
1.9401454,2993.1404,16.869581,18.51916,4.977517,7.8489194,11.090152,11.152632,0
0.824434,2662.445,18.036783,17.938967,5.8553634,4.454324,7.780345,26.354921,3
0.0,1109.9536,9.629244,8.777893,0.4238675,0.41754162,2.7888002,1.8011725,2
