model,zero,median,mean,bfill,ffill,knn,mice,idx
0.06342796,2954.5789,7.3201475,7.2368994,2.5940301,2.590961,5.5890822,6.157669,1
0.2387265,3040.8723,20.04379,20.926714,13.102816,6.9235535,9.111778,11.399466,0
0.0,948.5435,7.4644732,7.786024,1.2859759,3.918741,2.1483192,8.564359,2
0.40913853,2881.4524,37.78602,36.93287,8.515799,20.557793,12.066302,10.556588,3
