model,zero,median,mean,bfill,ffill,knn,mice,SAITS,idx
0.059577063,3538.8718,49.69281,45.087166,12.942636,33.61475,26.006397,35.474,158.65465,0
2.623029,2081.6943,32.181976,29.689745,5.174515,7.678715,9.831118,35.046284,386.71713,1
0.0,3449.1326,40.127098,45.414207,10.340697,15.635225,10.1372595,9.1654215,230.53674,2
0.0,2397.7253,44.00172,32.411293,11.399631,10.243222,22.834911,9.014492,207.71416,3
