model,zero,median,mean,bfill,ffill,knn,mice,Timemixerpp,idx
3.0504391,1929.6042,46.406624,34.23572,1.5299612,2.1953099,13.654077,198.80565,1914.8384,1
0.0,2857.0579,41.663403,46.674236,4.3459334,5.6303654,10.12036,6.459117,2714.7083,2
0.0,3145.6355,110.02855,100.23926,13.751461,18.130516,67.249825,69.66177,3082.5767,3
6.71914,3811.3254,50.697643,43.348343,4.1871524,7.405734,23.543488,14.728664,3690.182,0
